feature,ALL,S0,S1,S2,S3,S4,S5,S6,S7,S8,M0,M1,M2,M3,M4,M5
D_atr_pct,-0.020482428807179934,-0.021768382643971376,-0.02052460080576254,0.0034695994783722336,-0.018583241551514768,-0.041959486891326524,-0.02243621767776212,-0.01818863984895436,-0.03965785662297734,-0.026739601689303685,0.06468921426557504,-0.03413335889960515,-0.030788977368174382,-0.0016456432751345337,-0.048719868288389576,-0.025766916543985583
X_rank_D_atr_pct,-0.020482428807179934,-0.021768382643971376,-0.02052460080576254,0.0034695994783722336,-0.018583241551514768,-0.041959486891326524,-0.02243621767776212,-0.01818863984895436,-0.03965785662297734,-0.026739601689303685,0.06468921426557504,-0.03413335889960515,-0.030788977368174382,-0.0016456432751345337,-0.048719868288389576,-0.025766916543985583
R_atr_pct__csz,-0.020482428807179934,-0.021768382643971376,-0.02052460080576254,0.0034695994783722336,-0.018583241551514768,-0.041959486891326524,-0.02243621767776212,-0.01818863984895436,-0.03965785662297734,-0.026739601689303685,0.06468921426557504,-0.03413335889960515,-0.030788977368174382,-0.0016456432751345337,-0.048719868288389576,-0.025766916543985583
R_atr_pct__csrank,-0.020482428807179934,-0.021768382643971376,-0.02052460080576254,0.0034695994783722336,-0.018583241551514768,-0.041959486891326524,-0.02243621767776212,-0.01818863984895436,-0.03965785662297734,-0.026739601689303685,0.06468921426557504,-0.03413335889960515,-0.030788977368174382,-0.0016456432751345337,-0.048719868288389576,-0.025766916543985583
X_z_D_atr_pct,-0.020482858128908415,-0.021766664537023774,-0.02052460080576254,0.0034759788033972006,-0.01856871161218701,-0.041959486891326524,-0.02243621767776212,-0.01818863984895436,-0.03966186598587107,-0.026739188153422015,0.0646866929837278,-0.03412834256588075,-0.030790574689524394,-0.0016453482116691818,-0.048720811178773506,-0.025767369771553472
R_pos_in_52w_range__d5,-0.021900350475957137,-0.02174146205826639,-0.029058196960797138,-0.012686758747358426,-0.012815423195713218,-0.013784433021577079,-0.004220840494967821,-0.013075851135246026,-0.024981563377052332,-0.014265803594356639,-0.047537544593669635,-0.06019660567384699,-0.016579361104189384,-0.03269821971284867,-0.004339043721063557,-0.015611830361671757
D_WQ_29,0.02317021790005913,0.016055128859470365,0.0240154046933249,0.012596705878586422,0.006818771423281817,0.024826913473601775,0.007536615034737129,0.007388207955065748,0.028443340989810037,0.013985476193967119,0.040906061984421864,0.05894410832203049,0.018767438938673546,0.030601981151299442,0.010598334974799515,0.01805337077166295
D_vol_yz_50,-0.019279411609826293,-0.02213805974453874,-0.017579045922848292,0.011302406237752296,-0.020096099807586965,-0.02946974572920071,-0.01510941125527126,-0.018054628040339568,-0.03619980216591606,-0.018861300936218704,0.05870888861230183,-0.04663445940843777,-0.02722905025865487,-0.002419648036626093,-0.042708600682222535,-0.023904815674340826
D_vol_yz_20,-0.021605835536262476,-0.024340158231664136,-0.022169915161711875,0.010985060761664053,-0.017891611971206353,-0.03705663914951603,-0.023334096326912298,-0.018799683937932604,-0.03881353292383101,-0.01682411154174731,0.0572954935461528,-0.054954030562441754,-0.030149464368663212,-0.005872250223142338,-0.04319726720266295,-0.025023293581503875
R_atr_ratio_14_30__d20,-0.012419088144513996,-0.004844323174822202,-0.016011944459679146,-0.005385823175582184,-0.004024613993148956,-0.016116980824113843,-0.023981872882979923,-0.0031879863529642085,-0.007962427815419908,0.003167591108894243,-0.009085901104570216,-0.057282071150100124,-0.013262626610080418,-0.005321678749357505,-0.016704235895183536,-0.008489968026562841
R_donch_pos_20__tsz60,-0.01337025520183037,-0.0014402682370803729,-0.0200074806903718,-0.006131333450880041,-0.0049936533577022895,-0.011359724388651697,0.008785240906061469,-0.007485652983796244,-0.012436316827855006,-0.005862643148322956,-0.014778342476299408,-0.0558958877324459,-0.014139760256886152,-0.023645857267826562,0.002864366975852793,-0.005882833707007933
D_dist_from_20l,-0.019587089799474135,-0.012565718934228993,-0.02550300419701423,-0.01152589646089041,-0.011450124570400578,-0.013698189734890488,-0.010761100949525709,-0.0053074267510946505,-0.019553427462742547,-0.0057762113641592755,-0.032994907760083486,-0.05551535183795072,-0.02503240757417645,-0.022667526905556287,-0.009544448993295348,-0.010196893489013254
N_dist_hi100,0.008101545549225209,0.01300368406469361,0.012719053703304251,0.00383827547231095,0.004713076259290128,0.026915504515807785,0.029357809102580904,0.020172379789496205,0.019043959384598366,0.014476092391323839,-0.055008827668419656,0.0038156792230558006,0.003320202177625538,0.012854356564576664,0.016574470289560377,0.014261765897266302
R_rsi14__tsz60,-0.01639844429604626,-0.0032641428494542962,-0.02210116879178729,-0.006306381748511924,-0.005803964131451605,-0.011987497335557333,-0.004572490209251551,-0.00569492189771915,-0.012182339015029834,-0.008039598225751612,-0.01929259248942963,-0.0546989278115453,-0.01968348097441397,-0.021467061377433892,-0.0009983998996666585,-0.012002069041102705
R_ema20_angle_deg__tsz60,-0.01870224840236008,-0.006107986762189845,-0.02223924872086587,-0.009497460371577258,-0.006271442270170248,-0.02111472694592039,-0.00667665246450893,-0.010309086957093691,-0.0186554256653865,-0.00927019170315015,-0.023218462090565807,-0.05452498201053945,-0.02108725533179641,-0.02641102377309594,-0.0026972647097704447,-0.012936479410971665
D_dollar_vol,-0.007032141690668368,-0.012881462501761276,-0.0039195083465507555,-0.00930596862109293,-0.005281123089891615,-0.025964680422860365,-0.0006911666137512997,0.0028631110260736664,-0.013546906278058258,-0.006741429334174717,-0.054458951294519886,0.02301776220469963,-0.002654740707964627,-0.013229376351139053,0.0004969331777707303,-0.005661570233463448
X_z_D_range_pct,-0.02405447511069989,-0.009962516657768901,-0.026306701977953328,-0.0014611124466029793,-0.0025808790301612263,-0.03501813003152962,-0.02922558106484556,-0.014283264102971618,-0.03814225159735807,-0.031173065062628944,0.01004918784285463,-0.05397276270995268,-0.03332192451314495,-0.005567816300223353,-0.040293903047631675,-0.02526011942321461
X_rank_D_range_pct,-0.024054240349274225,-0.00996604040811521,-0.026306525315614077,-0.0014568327483001039,-0.002577550674458011,-0.03502103040228451,-0.02931212003016223,-0.014283264102971618,-0.0381343559051987,-0.031173772842234944,0.01004977218306914,-0.053970608129668904,-0.03332193153353226,-0.005567607336479195,-0.04029397289975915,-0.025259872288992912
D_range_pct,-0.024054240349274225,-0.00996604040811521,-0.026306525315614077,-0.0014568327483001039,-0.002577550674458011,-0.03502103040228451,-0.02931212003016223,-0.014283264102971618,-0.0381343559051987,-0.031173772842234944,0.01004977218306914,-0.053970608129668904,-0.03332193153353226,-0.005567607336479195,-0.04029397289975915,-0.025259872288992912
D_amihud_60,-0.0023755933435958775,0.010270673298156688,-0.0028774571106337274,0.01666904980991081,0.006393605037090267,0.002305302254888285,-0.00905109926062156,-0.004046459667917632,-0.0026006772044460625,-0.0014015311957861802,0.053431238527847195,-0.039933457625682574,-0.010361579122940065,0.010985454575544248,-0.01354589328297607,-0.0058128157539261574
N_dist_hi250,0.012801359284365639,0.01256404196964915,0.023958317742094268,0.004222328426706785,0.009632009447356966,0.0239435919340805,0.021208140085438188,0.02167638501011097,0.02147468535966438,0.016260962157167127,-0.05208153465814039,0.0168070743066895,0.00669239002111977,0.018219126802428192,0.020616042310424982,0.018650454308583298
N_dist_hi50,0.005089783270219363,0.014022544963274323,0.006047058557308268,-0.0033428606477689097,0.004140316242295712,0.021473029674045466,0.03077597593383561,0.015753266941637235,0.019208678494443816,0.011962153820898514,-0.05203892340653871,-0.013312751189274129,-0.0006217333253322094,0.007611285081469692,0.023602518202616985,0.008657314159703925
N_ret120,0.0036167689773787593,0.0015110102671719611,0.010030858582976792,0.004162624609887341,0.002500154505919826,0.009116225873128138,0.005419357937619557,0.013129139762196746,-0.0007359069897957101,-0.004478316920621752,-0.051176615028413606,0.01888145247087082,-0.00410414023094625,0.01569718284502147,-0.014051576153766891,0.017644836740349605
X_z_D_donch_pos_20,-0.01331638443126796,-0.004181244614869411,-0.017996963852347603,-0.008419379009241466,-0.009866846782576735,-0.005828956879375849,0.015980169894835375,0.0013139091552642791,-0.007568191006592567,-0.00811897854943248,-0.03517995763194788,-0.05113576980920165,-0.016438235869619285,-0.017858814105616915,0.00015098270589278425,-0.004662830710697727
X_rank_D_donch_pos_20,-0.013316378748903459,-0.004181244614869411,-0.017996963852347603,-0.008419379009241466,-0.009866846782576735,-0.0058288703219446765,0.015977691592291916,0.0013139091552642791,-0.007568191006592567,-0.008119430756666785,-0.03517995763194788,-0.05113560346288069,-0.01643823776729904,-0.017858805686101053,0.0001510086904629427,-0.00466286332452417
D_donch_pos_20,-0.013316378748903459,-0.004181244614869411,-0.017996963852347603,-0.008419379009241466,-0.009866846782576735,-0.0058288703219446765,0.015977691592291916,0.0013139091552642791,-0.007568191006592567,-0.008119430756666785,-0.03517995763194788,-0.05113560346288069,-0.01643823776729904,-0.017858805686101053,0.0001510086904629427,-0.00466286332452417
R_donch_pos_20__csz,-0.013316378748903459,-0.004181244614869411,-0.017996963852347603,-0.008419379009241466,-0.009866846782576735,-0.0058288703219446765,0.015977691592291916,0.0013139091552642791,-0.007568191006592567,-0.008119430756666785,-0.03517995763194788,-0.05113560346288069,-0.01643823776729904,-0.017858805686101053,0.0001510086904629427,-0.00466286332452417
R_donch_pos_20__csrank,-0.013316378748903459,-0.004181244614869411,-0.017996963852347603,-0.008419379009241466,-0.009866846782576735,-0.0058288703219446765,0.015977691592291916,0.0013139091552642791,-0.007568191006592567,-0.008119430756666785,-0.03517995763194788,-0.05113560346288069,-0.01643823776729904,-0.017858805686101053,0.0001510086904629427,-0.00466286332452417
R_drawdown_252__d5,-0.01936309186714045,-0.01569599722656811,-0.028157976074643893,-0.007956161439529747,-0.010869877789154608,-0.011455758807918942,-0.005429741267498879,-0.008552493636499302,-0.02265252587564415,-0.011555696998380424,-0.04647830625966398,-0.05100608285858295,-0.014820289567586638,-0.033132288644015566,0.0021637399911298085,-0.013150545966574351
N_dist_lo50,-0.019356805006394227,-0.008512554295509405,-0.02638724096627048,-0.004442235065417905,-0.005466049029012085,-0.023899049812178618,-0.014079164401189167,-0.0029982999951120096,-0.03450230701904455,-0.01931637010650351,0.0060820650602373145,-0.050668322492629404,-0.03287850442059294,-0.01357210210074935,-0.016429178679390147,-0.0159112053870223
M_ivol60,-0.019324264862565183,-0.022435588963087772,-0.019674821922409765,-0.003041804382616179,-0.015915342878910856,-0.029497833749061196,-0.01515401784715386,-0.01210277975111817,-0.029333113395329236,-0.0246527492708053,0.050256374646916936,-0.026327073768131166,-0.02843760944072274,-0.009510371596037627,-0.040026318360616514,-0.019949804382779466
R_dist_from_20h__tsz60,-0.011228254761959815,-0.0035795038065871486,-0.012627551517382485,-0.005126988706568163,-0.00584965647145551,-0.01131630362229632,0.012152816860301069,-0.004471981596982607,-0.012955985442864661,-0.006195011584139141,-0.019020784513946752,-0.05024960634724089,-0.013045926285121644,-0.020220209639430154,0.008078903014693677,-0.005694877842397708
D_amihud_20,-0.002950401196138417,0.010835561490598911,-0.0061949278590404,0.014168348282645014,0.006046011208107254,0.005179302518415499,-0.011456571015351556,-0.0045863112606310515,-0.004895442305220623,-0.002230242003369655,0.04977383779161906,-0.040177548205796165,-0.009373015077226435,0.00847967863742214,-0.013181061826854119,-0.005799790871965413
X_rank_D_amihud_20,-0.002950401196138417,0.010835561490598911,-0.0061949278590404,0.014168348282645014,0.006046011208107254,0.005179302518415499,-0.011456571015351556,-0.0045863112606310515,-0.004895442305220623,-0.002230242003369655,0.04977383779161906,-0.040177548205796165,-0.009373015077226435,0.00847967863742214,-0.013181061826854119,-0.005799790871965413
X_z_D_amihud_20,-0.002949809896141492,0.010859723350912237,-0.006192665394540014,0.014168235801162728,0.006063141302610995,0.005176189206574055,-0.011453204612253918,-0.004581277704164742,-0.004906008467887817,-0.0022309749153840604,0.04977334861259469,-0.04017879880756633,-0.009372733251392242,0.008478475396188756,-0.01317833723569549,-0.0057981093085905135
N_dist_lo10,-0.02316560529879081,-0.015097616692087631,-0.03819041573667289,-0.013237979921594182,-0.008755517167324957,-0.03703035816487589,-0.020512647792261033,-0.007315857885220958,-0.038073042601620526,-0.021169343490243523,-0.0053692679979532535,-0.04928718369607018,-0.029669810392562425,-0.01721474416140876,-0.02445810513445539,-0.021892439455446253
D_ema20_angle_z252,-0.02246174901619246,-0.0060078330592903285,-0.03026211693924302,-0.013727472872168316,-0.008973450474530888,-0.026092762637634673,-0.014093480410856066,-0.0052591291116133206,-0.022646993678596305,-0.015404222099156163,-0.03980429601894542,-0.04919935897005593,-0.025654787154394176,-0.02646430050877557,-0.011227844482737455,-0.015605229264186846
R_atr_ratio_14_30__tsz60,-0.01784433606167061,-0.0066319338478069674,-0.02410364420285966,-0.006503786988780538,-0.01286862609914745,-0.01753510473247368,-0.026556508271879227,-0.009031264719057356,-0.018643514285768582,-6.068056658100324e-05,-0.022025882937020385,-0.04907667646456969,-0.022581741938275657,-0.008509160027907277,-0.016144318870714554,-0.018186946834653037
D_weekly_trend,-0.019204945357821652,-0.016505950795812872,-0.02372200568427974,-0.0008084811725470688,-0.016694022285046035,-0.026704723671413178,-0.006213298018182424,-0.003876705405468639,-0.023822569497538394,-0.018884748953823943,-0.048680638715381606,-0.03186326986926319,-0.01719232886949358,-0.018455779855734624,-0.012870328290001311,-0.017901808876096725
D_rsi14_z252,-0.01823225888583559,-0.0019759815012290456,-0.026280386550037366,-0.004229371118128722,-0.0033359095413659024,-0.011527688637774682,-0.00566148168572805,-0.00115216843496039,-0.012434187110033643,-0.012305478065181938,-0.03332259402445197,-0.047971996823199,-0.02122759120108135,-0.019331286851032192,-0.00752454279396678,-0.013940953480653951
