feature,folds_survived,folds,mean_family_imp,survival
CRUDEOIL_close,4,5,0.0028833047287507843,0.8
CRUDEOIL_ret_1d,1,5,-0.0002234043177046363,0.2
CRUDEOIL_stale,0,5,0.0,0.0
Comb_ATRhigh__EMA20neg,0,5,-0.00010105745356069117,0.0
Comb_ATRlow__EMA20pos,0,5,6.057039178823942e-06,0.0
Comb_GapDown__CPR_Tmr_Below,0,5,0.0,0.0
Comb_GapUp__CPR_Tmr_Above,1,5,-6.600316817831242e-05,0.2
Comb_RSIslopePos__ADX_15_25,0,5,-8.440461476055816e-06,0.0
DOW_0,1,5,-0.00011594639121176974,0.2
DOW_1,1,5,-8.529825142256531e-05,0.2
DOW_2,0,5,-2.4302080534037706e-05,0.0
DOW_3,1,5,-9.116165294033695e-05,0.2
DOW_4,0,5,0.0,0.0
DOW_6,0,5,-8.895349771704808e-05,0.0
D_WQ_12,1,5,3.0644609290173544e-05,0.2
D_WQ_13,4,5,0.0005619147154840531,0.8
D_WQ_16,4,5,0.0005619147154840531,0.8
D_WQ_19,3,5,5.9386221633368495e-05,0.6
D_WQ_20,5,5,0.0005660810892248858,1.0
D_WQ_23,0,5,1.735834997554697e-05,0.0
D_WQ_26,1,5,5.647940936381436e-05,0.2
D_WQ_29,3,5,8.536501213557645e-05,0.6
D_WQ_3,2,5,-3.71506154249257e-05,0.4
D_WQ_33,5,5,0.0009479052675677701,1.0
D_WQ_35,3,5,0.0001369854233538792,0.6
D_WQ_38,5,5,0.0007564401725507518,1.0
D_WQ_40,3,5,0.0003892912900759438,0.6
D_WQ_41,5,5,0.0009479052675677701,1.0
D_WQ_44,0,5,-0.00012089405148312691,0.0
D_WQ_6,2,5,-3.71506154249257e-05,0.4
D_adx14,2,5,8.241862565044666e-05,0.4
D_amihud_20,4,5,0.0008540805327629196,0.8
D_amihud_60,4,5,0.0008540805327629196,0.8
D_atr14,5,5,0.0018799319893665698,1.0
D_atr30,5,5,0.0018799319893665698,1.0
D_atr_pct,4,5,0.0015003093990870963,0.8
D_atr_pct_z252,4,5,0.0038553721799098016,0.8
D_atr_ratio_14_30,4,5,0.007450774890974921,0.8
D_bb_bw_20,4,5,0.00022063302893542413,0.8
D_bb_pctB_20,4,5,0.006989667663647854,0.8
D_body_ratio,5,5,0.0009479052675677701,1.0
D_body_ratio_rmean20,2,5,0.00014885103947148262,0.4
D_body_ratio_rmean50,1,5,0.0005276853104047507,0.2
D_breakout_high_20,0,5,-1.981500522935775e-05,0.0
D_breakout_high_50,0,5,-1.981500522935775e-05,0.0
D_breakout_low_20,0,5,1.418569694586757e-06,0.0
D_breakout_low_50,0,5,2.3881712902795725e-07,0.0
D_close_roll_slope_20,4,5,0.006989667663647854,0.8
D_close_roll_slope_20_rstd10,5,5,0.0018799319893665698,1.0
D_close_roll_slope_20_rstd20,5,5,0.0018799319893665698,1.0
D_close_roll_slope_50,3,5,0.00011113091322928702,0.6
D_cmf20,4,5,6.378812214075325e-05,0.8
D_cmf20_rmean50,3,5,-1.2945085539142205e-05,0.6
D_compress_state,3,5,0.00028842987447888827,0.6
D_cpr_vs_yday_code,1,5,-6.600316817831242e-05,0.2
D_cpr_width_pct,5,5,0.0009479052675677701,1.0
D_daily_trend,1,5,3.91990921483032e-05,0.2
D_days_since_5pct_up,2,5,-2.384731322540468e-05,0.4
D_days_since_boh_20,4,5,0.0070712641262522125,0.8
D_days_since_bol_20,1,5,-0.00037762788126351145,0.2
D_dist_from_20h,4,5,0.006989667663647854,0.8
D_dist_from_20l,4,5,0.006989667663647854,0.8
D_dist_from_52wh,5,5,0.003290954035205536,1.0
D_dist_from_52wl,5,5,0.003290954035205536,1.0
D_dollar_vol,4,5,0.0004584879452577173,0.8
D_donch_pos_20,4,5,0.006989667663647854,0.8
D_donch_pos_20_lag5,3,5,1.6550827590822152e-05,0.6
D_donch_pos_20_rmean50,4,5,0.0020208695872623085,0.8
D_donch_pos_50,4,5,0.006989667663647854,0.8
D_donch_pos_50_lag5,3,5,0.00011113091322928702,0.6
D_donch_pos_50_rmean50,5,5,0.0027841921993541387,1.0
D_dow,1,5,-0.00011594639121176974,0.2
D_downside_dev_60,4,5,0.0015003093990870963,0.8
D_drawdown_252,5,5,0.003290954035205536,1.0
D_dvol_z20,3,5,0.00045987269308030317,0.6
D_dvol_z252,2,5,4.262675665129835e-06,0.4
D_dvol_z50,3,5,0.00045987269308030317,0.6
D_ema20_angle_deg,4,5,0.006989667663647854,0.8
D_ema20_angle_z252,4,5,0.006989667663647854,0.8
D_ema50,5,5,0.0018799319893665698,1.0
D_ema_stack_20_50_100,5,5,0.003290954035205536,1.0
D_gap_pct,5,5,0.0005660810892248858,1.0
D_hh_run,1,5,3.91990921483032e-05,0.2
D_hl_run,0,5,-2.4545514164842074e-05,0.0
D_inside_day,0,5,0.0,0.0
D_intraday_ret_pct,5,5,0.0009479052675677701,1.0
D_lh_run,1,5,3.91990921483032e-05,0.2
D_ll_run,0,5,-2.4545514164842074e-05,0.0
D_macd,4,5,0.006989667663647854,0.8
D_macd_hist,5,5,0.0006160888830230205,1.0
D_macd_hist_rstd10,5,5,0.0018799319893665698,1.0
D_macd_signal,3,5,0.00011113091322928702,0.6
D_mdi14,4,5,0.006989667663647854,0.8
D_mdi14_diff1,1,5,-8.914368265525941e-05,0.2
D_mdi14_diff5,3,5,7.921748017907238e-05,0.6
D_mdi14_rrank10,2,5,-1.9856042563723973e-05,0.4
D_mdi14_rrank20,2,5,-1.9856042563723973e-05,0.4
D_midpoint_slope,4,5,0.006989667663647854,0.8
D_monthly_trend,1,5,-1.1926115642135747e-05,0.2
D_n_5pct_up_252,3,5,-2.9701464450786447e-05,0.6
D_n_5pct_up_60,2,5,-2.384731322540468e-05,0.4
D_nr_day,0,5,9.515993150577273e-07,0.0
D_nr_expand,0,5,1.0695702844154554e-06,0.0
D_nr_length,0,5,9.515993150577273e-07,0.0
D_obv,4,5,0.000795681866835074,0.8
D_obv_slope,1,5,-4.0975030485350674e-05,0.2
D_oli,5,5,0.0007564401725507518,1.0
D_overnight_share,5,5,0.0005660810892248858,1.0
D_pdi14,4,5,0.006989667663647854,0.8
D_pos_in_52w_range,5,5,0.003290954035205536,1.0
D_prev_inside_day,0,5,0.0,0.0
D_range_pct,3,5,0.00035291619086913245,0.6
D_range_to_atr14,3,5,0.00035291619086913245,0.6
D_realvol_20,4,5,0.0015003093990870963,0.8
D_realvol_ratio_20_60,4,5,0.0016592061975702777,0.8
D_ret_5d_roll_std,4,5,0.0015003093990870963,0.8
D_ret_kurt_60,3,5,6.000588074359658e-05,0.6
D_ret_skew_60,2,5,0.00019787208857398043,0.4
D_rsi14,4,5,0.006989667663647854,0.8
D_rsi14_obv_x,1,5,-4.0975030485350674e-05,0.2
D_rsi14_z252,4,5,0.006989667663647854,0.8
D_rsi7,4,5,0.006989667663647854,0.8
D_rsi7_gt_rsi14,2,5,0.00019525346246143107,0.4
D_rsi7_obv_x,1,5,-4.0975030485350674e-05,0.2
D_slope_stability,5,5,0.0018799319893665698,1.0
D_slope_stability_rmean50,5,5,0.0018799319893665698,1.0
D_slope_stability_rstd10,5,5,0.0018799319893665698,1.0
D_slope_stability_rstd20,5,5,0.0018799319893665698,1.0
D_sma200,5,5,0.0018799319893665698,1.0
D_structure_trend_code,1,5,3.91990921483032e-05,0.2
D_upside_vol_ratio,3,5,0.0005625714055284669,0.6
D_vol_surge_20,0,5,0.0,0.0
D_vol_surge_50,0,5,0.0,0.0
D_vol_yz_20,4,5,0.0015003093990870963,0.8
D_vol_yz_50,4,5,0.0015003093990870963,0.8
D_vol_z252,3,5,0.00045987269308030317,0.6
D_weekly_trend,2,5,4.496137417965062e-05,0.4
D_wick_skew,3,5,0.00015808420163696544,0.6
GOLD_close,2,5,0.0014645738208804236,0.4
GOLD_ret_1d,2,5,-0.000774317476805999,0.4
GOLD_stale,0,5,0.0,0.0
INDIAVIX_close,2,5,-0.0015019346122027689,0.4
INDIAVIX_ret_1d,3,5,0.00012522084697507368,0.6
MKT_D_adx14,1,5,-0.0017389026371915062,0.2
MKT_D_dist_from_52wh,3,5,0.003471413568372359,0.6
MKT_D_drawdown_252,3,5,0.003126895200933353,0.6
MKT_D_realvol_20,4,5,0.0006494010058097289,0.8
MKT_D_rsi14,4,5,0.0031630183320746144,0.8
NIFTY500_close,2,5,-0.004093065284810393,0.4
NIFTY500_ret_1d,3,5,-0.0005253919838214705,0.6
NIFTYAUTO_close,3,5,0.0009216753804723331,0.6
NIFTYAUTO_ret_1d,3,5,0.004934118901859322,0.6
NIFTYBANK_close,3,5,-0.0007397311660310278,0.6
NIFTYBANK_ret_1d,3,5,-0.0005253919838214705,0.6
NIFTYCONSUMPTION_close,2,5,-0.004051239703177618,0.4
NIFTYCONSUMPTION_ret_1d,3,5,0.0036966333309203492,0.6
NIFTYENERGY_close,3,5,-0.0007397311660310278,0.6
NIFTYENERGY_ret_1d,3,5,0.00020136443298101716,0.6
NIFTYFINSERVICE_close,3,5,-0.0007397311660310278,0.6
NIFTYFINSERVICE_ret_1d,3,5,-0.0005253919838214705,0.6
NIFTYFMCG_close,3,5,-3.800993283341351e-05,0.6
NIFTYFMCG_ret_1d,4,5,0.00077874420134322,0.8
NIFTYINFRA_close,2,5,-0.001008385173090267,0.4
NIFTYINFRA_ret_1d,4,5,0.0041955242810036,0.8
NIFTYINFRA_stale,0,5,0.0,0.0
NIFTYIT_close,2,5,-0.001202059710575356,0.4
NIFTYIT_ret_1d,2,5,-0.00019383540463889566,0.4
NIFTYMEDIA_close,4,5,0.004553892264207207,0.8
NIFTYMEDIA_ret_1d,4,5,0.00033773870980253307,0.8
NIFTYMETAL_close,2,5,-0.0011975869439074939,0.4
NIFTYMETAL_ret_1d,4,5,-0.00038213242838114347,0.8
NIFTYMIDCAP150_close,1,5,-0.003545762077669834,0.2
NIFTYMIDCAP150_ret_1d,4,5,0.004009461595210992,0.8
NIFTYPHARMA_close,1,5,-0.00526557656491947,0.2
NIFTYPHARMA_ret_1d,5,5,0.00045694583311588487,1.0
NIFTYPSUBANK_close,3,5,0.0009611722844223047,0.6
NIFTYPSUBANK_ret_1d,3,5,-0.0005253919838214705,0.6
NIFTYREALTY_close,1,5,-0.0028440408444722195,0.2
NIFTYREALTY_ret_1d,4,5,0.0041955242810036,0.8
NIFTYSMLCAP250_close,2,5,-0.0017101064062878812,0.4
NIFTYSMLCAP250_ret_1d,4,5,0.0041955242810036,0.8
USDINR_stale,2,5,-0.0014842834002580705,0.4
W_close_pos,2,5,-0.00015547265188180502,0.4
W_ret_13w,4,5,0.0020208695872623085,0.8
W_ret_4w,3,5,-4.706786472147064e-05,0.6
W_vol_vs_4w,4,5,0.00040641362163489346,0.8
X_rank_D_adx14,2,5,8.241862565044666e-05,0.4
X_rank_D_amihud_20,4,5,0.0008540805327629196,0.8
X_rank_D_atr_pct,4,5,0.0015003093990870963,0.8
X_rank_D_bb_pctB_20,4,5,0.006989667663647854,0.8
X_rank_D_dist_from_52wh,5,5,0.003290954035205536,1.0
X_rank_D_dist_from_52wl,5,5,0.002967652932835465,1.0
X_rank_D_donch_pos_20,4,5,0.006989667663647854,0.8
X_rank_D_downside_dev_60,3,5,0.0007384734350125477,0.6
X_rank_D_drawdown_252,5,5,0.003290954035205536,1.0
X_rank_D_dvol_z20,3,5,0.00045987269308030317,0.6
X_rank_D_dvol_z252,2,5,3.304590211114178e-05,0.4
X_rank_D_ema20_angle_deg,4,5,0.006989667663647854,0.8
X_rank_D_gap_pct,5,5,0.0005660810892248858,1.0
X_rank_D_intraday_ret_pct,5,5,0.0009479052675677701,1.0
X_rank_D_pos_in_52w_range,5,5,0.003290954035205536,1.0
X_rank_D_range_pct,3,5,0.00035291619086913245,0.6
X_rank_D_realvol_20,4,5,0.0015003093990870963,0.8
X_rank_D_realvol_ratio_20_60,4,5,0.0016592061975702777,0.8
X_rank_D_ret_skew_60,2,5,0.00019787208857398043,0.4
X_rank_D_rsi14,4,5,0.006989667663647854,0.8
X_relvol_20,4,5,0.00010708194752589329,0.8
X_turnover_med,4,5,0.0008540805327629196,0.8
X_universe_size,2,5,-0.0010372471483623216,0.4
X_z_D_adx14,2,5,8.241862565044666e-05,0.4
X_z_D_amihud_20,4,5,0.0008540805327629196,0.8
X_z_D_atr_pct,4,5,0.0015003093990870963,0.8
X_z_D_bb_pctB_20,4,5,0.006989667663647854,0.8
X_z_D_dist_from_52wh,5,5,0.003290954035205536,1.0
X_z_D_dist_from_52wl,5,5,0.002967652932835465,1.0
X_z_D_donch_pos_20,4,5,0.006989667663647854,0.8
X_z_D_downside_dev_60,3,5,0.0007384734350125477,0.6
X_z_D_drawdown_252,5,5,0.003290954035205536,1.0
X_z_D_dvol_z20,3,5,0.00045987269308030317,0.6
X_z_D_dvol_z252,2,5,3.304590211114178e-05,0.4
X_z_D_ema20_angle_deg,4,5,0.006989667663647854,0.8
X_z_D_gap_pct,5,5,0.0005660810892248858,1.0
X_z_D_intraday_ret_pct,5,5,0.0007862226672061556,1.0
X_z_D_pos_in_52w_range,5,5,0.003290954035205536,1.0
X_z_D_range_pct,3,5,0.00035291619086913245,0.6
X_z_D_realvol_20,4,5,0.0015003093990870963,0.8
X_z_D_realvol_ratio_20_60,4,5,0.0016592061975702777,0.8
X_z_D_ret_skew_60,2,5,0.00019787208857398043,0.4
X_z_D_rsi14,4,5,0.006989667663647854,0.8
diff_rsi7_rsi14,2,5,0.00019525346246143107,0.4
dist_close_ema20_atr,4,5,0.006989667663647854,0.8
dist_close_ema50_atr,4,5,0.006989667663647854,0.8
dist_ema20_ema50_atr,5,5,0.003290954035205536,1.0
ema20_slope3,4,5,0.006989667663647854,0.8
ema20_slope5,4,5,0.006989667663647854,0.8
ema50_slope10,4,5,0.006989667663647854,0.8
macd_slope5,5,5,0.0006160888830230205,1.0
obv_slope5,0,5,-3.7172565643053266e-05,0.0
open,5,5,0.0018799319893665698,1.0
rsi14_slope5,3,5,7.921748017907238e-05,0.6
volume,4,5,0.0004584879452577173,0.8
