feature,layer,regime,n_dates,mean_ic,ic_sd,t,fold_means,fold_sign_frac,spread,p,q,working,category,family
D_rsi7,all,-1,1801,-0.01598958986956444,0.09084322060931747,-3.340539842599343,"[-0.02221992039423524, -0.008054536359134862, -0.020014636024268586, -0.027567739258661354, -0.0020738108378425125]",1.0,-0.001981435311095137,0.0008361568224570792,0.032861739775442086,True,existing,19.0
D_rsi7,stock,1,1801,-0.022072731802720937,0.1118561931492157,-3.7451386967116544,"[-0.030053986357573698, -0.019335028353423555, 0.013295895820048045, -0.05579014575189974, -0.018458224219214458]",0.8,-0.002456796598069261,0.0001802941439468242,0.01433825725847379,True,existing,19.0
D_macd_hist,all,-1,1801,-0.013471389068142756,0.06804874296125041,-3.7571983798643096,"[-0.012358411436068924, -0.017762185732643137, -0.018091211811352474, -0.017217838494719903, -0.0019303894704628807]",1.0,-0.001335213415545152,0.00017182627945122597,0.01433825725847379,True,existing,23.0
D_pdi14,all,-1,1801,-0.021048656722045332,0.07555243881470346,-5.287467997027035,"[-0.03256122142262403, -0.0233195687655468, -0.02609590543845583, -0.021036258525625816, -0.002198350111583713]",1.0,-0.002234386490519423,1.2402105031839028e-07,9.123298514046585e-05,True,existing,26.0
D_pdi14,stock,0,1800,-0.022727140455396182,0.13076580515278632,-3.2976294586020973,"[-0.02580330626752387, -0.017345067127467934, -0.032898882829100314, -0.013998481636168148, -0.023589964416720625]",1.0,-0.002319185377201686,0.0009750471462257604,0.03678302856114487,True,existing,26.0
D_pdi14,stock,1,1801,-0.02450101476207565,0.10483071052492067,-4.435753427874963,"[-0.03407737819392645, -0.03517791589892719, -0.012037389632252723, -0.036649089087984664, -0.004536699987754301]",1.0,-0.002406633652258393,9.175082040346894e-06,0.0019284056359800525,True,existing,26.0
D_pdi14,stock,7,1731,-0.033282733606418244,0.1574053523196061,-3.9342597061643225,"[-0.027569588334604066, -0.04198159760327092, -0.0410931543947519, -0.03762567282232085, -0.019013617021469698]",1.0,-0.004543499054829383,8.345351099126042e-05,0.008467653658337371,True,existing,26.0
D_weekly_trend,all,-1,1801,-0.019204945357821652,0.07197685147952168,-5.063981202590263,"[-0.017454440568913727, -0.020267691759005963, -0.020603861337649736, -0.02619361396320663, -0.011509981673634725]",1.0,,4.1059015165600954e-07,0.00024163230424956161,True,existing,29.0
D_weekly_trend,stock,1,1793,-0.02372200568427974,0.10233203189541176,-4.389802188959577,"[-0.013409324074289833, -0.03172115859656686, -0.01166669458019352, -0.04265829055021385, -0.019082431689096933]",1.0,,1.1345381715210934e-05,0.0022582960065929227,True,existing,29.0
D_ema_stack_20_50_100,stock,1,1793,0.02268764054600837,0.10931928847847858,3.930046410231375,"[0.011475687876831817, 0.023628463069285656, 0.0017047901989252366, 0.03814152319171327, 0.03853978987343974]",1.0,,8.492946713078986e-05,0.008471354475672852,True,existing,22.0
D_ema20_angle_deg,stock,1,1801,-0.022852146787868472,0.1199268745758615,-3.6164489889720732,"[-0.04577757362045254, -0.03448339381167658, 0.01998882061933845, -0.04173847008054162, -0.012186435304808427]",0.8,-0.0026427213213141188,0.0002986721424584893,0.020204879743738267,True,existing,19.0
D_range_to_atr14,all,-1,1801,-0.012739336737342451,0.06849498962301333,-3.5298793974145166,"[-0.012910706325364002, -0.013113453604322759, -0.023448597677961737, -0.008509312216298588, -0.005714137836131766]",1.0,-0.0016077138577508929,0.0004157491363581123,0.023754210363762046,True,existing,28.0
D_bb_bw_20,stock,1,1801,-0.02965651565367011,0.15794651771131446,-3.563542340754244,"[-0.06413109677474113, -0.049653198381499376, -0.012387895784128373, -0.010083183791361226, -0.01193144081128412]",1.0,-0.0018701267145283394,0.0003658836456648107,0.021384339671738858,True,existing,13.0
D_vol_yz_20,stock,7,1731,-0.03881353292383101,0.201771279758684,-3.579211470151575,"[-0.049627550183919254, -0.027063682470601206, -0.04915753049873264, -0.03883366748087385, -0.029387787498224644]",1.0,-0.003377986739785612,0.0003446325135598727,0.021384339671738858,True,existing,11.0
D_vol_yz_50,stock,7,1731,-0.03619980216591606,0.2013831077584261,-3.344619290087732,"[-0.04844893103467303, -0.03412653070476089, -0.03797305964295568, -0.03700455525845457, -0.023571078888717914]",1.0,-0.003611378947714557,0.000823955876803284,0.032861739775442086,True,existing,11.0
D_donch_pos_20,stock,1,1801,-0.017996963852347603,0.10619836304956626,-3.2162757484785987,"[-0.026244965135160645, -0.03272655483210316, 0.018246406858651507, -0.04685443034194697, -0.0023823646965042645]",0.8,-0.0021289645877511365,0.0012986598417799033,0.0449565480522043,True,existing,19.0
D_breakout_high_20,all,-1,1795,-0.013677831944395345,0.06864416096816102,-3.7753818759393165,"[-0.007373954905363308, -0.01844772699401263, -0.01306686212285615, -0.029403397504600307, -0.00022433157367006282]",1.0,,0.0001597627202678531,0.01433825725847379,True,existing,15.0
D_breakout_high_20,stock,1,1611,-0.018975547584238625,0.09727375242990008,-3.501558737163104,"[-0.014190824721834324, -0.020537959449383515, -0.01050857463680443, -0.0385838943956228, -0.008328464221065007]",1.0,,0.00046254500092679507,0.024117286665111384,True,existing,15.0
D_days_since_boh_20,all,-1,1801,0.013708244736351113,0.07980214736424579,3.2601615857969106,"[0.02188815482168128, 0.013462645936075074, 0.019601398229234682, 0.015581470080550226, -0.0020151673582449324]",0.8,0.001600406723197791,0.0011134875749048145,0.04044984184144959,True,existing,18.0
D_days_since_boh_20,stock,1,1801,0.021399306212078136,0.1075499128474909,3.7762564905817864,"[0.03297692648976156, 0.028055356761372455, 0.017698715672652222, 0.019223104039547544, 0.009010268040730008]",1.0,0.002138298870596012,0.00015920305298045,0.01433825725847379,True,existing,18.0
D_atr_pct,stock,7,1731,-0.03965785662297734,0.21331769634509776,-3.4591220447792157,"[-0.058181052248382305, -0.025886523272744728, -0.046287799708714834, -0.03583838383155418, -0.03133042162252438]",1.0,-0.0033997694203894945,0.0005419392810304124,0.024674777614356963,True,existing,11.0
D_range_pct,all,-1,1801,-0.024054240349274225,0.13093468947984366,-3.486653403477054,"[-0.04443186294387643, -0.034673164441026416, -0.021558667844625727, -0.0029577614567875923, -0.01659314055284772]",1.0,-0.0018383222899040477,0.0004891047846644625,0.024393064896189507,True,existing,27.0
D_range_pct,stock,1,1801,-0.026306525315614077,0.1426757273576443,-3.4993327981623006,"[-0.05703127977636312, -0.04961802810371017, 0.007275416008339117, -0.0073001762946047905, -0.024773211871562686]",0.8,-0.0018896555490230972,0.00046642402972607577,0.024117286665111384,True,existing,27.0
D_range_pct,stock,4,1391,-0.03502103040228451,0.184387590634641,-3.1679315799187022,"[-0.033482537419844915, -0.03630371546749327, -0.033096876147405294, -0.028092920387299682, -0.04450340164693701]",1.0,-0.004205513580642507,0.0015352764752338821,0.0488752711063,True,existing,27.0
D_range_pct,stock,7,1731,-0.0381343559051987,0.17479282326933598,-4.059348616344559,"[-0.04914246950885658, -0.03063122922781005, -0.051719811232010034, -0.014353466740780588, -0.04027395834258712]",1.0,-0.004504014586995821,4.920979875122633e-05,0.005872888778619046,True,existing,27.0
D_range_pct,stock,8,1801,-0.031173772842234944,0.1711127618472938,-3.4576324036947925,"[-0.05352348905850407, -0.02909226737483536, -0.03233218882046727, -0.019787015926277362, -0.0210718204860455]",1.0,-0.002318063341128348,0.0005449443894141037,0.024674777614356963,True,existing,27.0
D_rsi14_z252,all,-1,1801,-0.01823225888583559,0.08322536349067323,-4.157733344744511,"[-0.026587447406151467, -0.019741163775352098, -0.01961055553890739, -0.021656176279269683, -0.003542742572496441]",1.0,-0.0021631921973329204,3.214208935631291e-05,0.005112329617889229,True,existing,19.0
D_rsi14_z252,stock,1,1801,-0.026280386550037366,0.1142988753230631,-4.363767927580622,"[-0.03268136815267506, -0.054802378328545606, 0.018744261081041637, -0.04543481213765595, -0.017209854707900082]",0.8,-0.0027620465927755407,1.2784119654662973e-05,0.0024269207796029546,True,existing,19.0
D_atr_pct_z252,stock,4,1391,-0.03511228934421725,0.18418145719635964,-3.179741425139478,"[-0.043789479636861646, -0.02646600053319144, -0.044552327032947016, -0.01748648926292993, -0.044253537227082654]",1.0,-0.0037605343994430006,0.001474065218563636,0.0488752711063,True,existing,12.0
D_ema20_angle_z252,all,-1,1801,-0.02246174901619246,0.08950981991214245,-4.762606946656332,"[-0.0289940557954522, -0.024040398502528898, -0.024188468631322336, -0.028219326029774564, -0.006848350825275243]",1.0,-0.002729255827201073,1.911078551408707e-06,0.0006615704279435436,True,existing,19.0
D_ema20_angle_z252,stock,1,1801,-0.03026211693924302,0.11776990708123705,-4.876821129668076,"[-0.03629398372518639, -0.056545289701232085, 0.01950876355470231, -0.05712610049932816, -0.020837219139654268]",0.8,-0.0030120070039453433,1.0780911254837378e-06,0.0004531833052479855,True,existing,19.0
D_body_ratio,stock,5,1577,0.04070420123126978,0.1743742455537305,4.145603282996807,"[0.05396192988068477, 0.062357753618277854, 0.04800249779957335, 0.015515680082187249, 0.03065608892520012]",1.0,0.005194396784813796,3.3892018650893974e-05,0.005114218711807976,True,existing,14.0
D_compress_state,all,-1,1801,-0.011124091659340009,0.06649126345821349,-3.175205421790403,"[-0.011267905482282112, -0.009439052635228725, -0.02331107643758951, -0.005057151820821159, -0.006544872437937028]",1.0,-0.0011301366824465287,0.0014973046240691623,0.0488752711063,True,existing,16.0
D_compress_state,stock,1,1801,-0.01849381441344071,0.10210307868642737,-3.4376330172168412,"[-0.031201279133986723, -0.011802538056464683, -0.02921127111902928, -0.009196494171408352, -0.011022191073201888]",1.0,-0.002127669846335476,0.0005868224168663616,0.025214124193361397,True,existing,16.0
D_dist_from_20l,all,-1,1801,-0.019587089799474135,0.08337428490171954,-4.45871431623432,"[-0.029571254532926725, -0.017590078739059965, -0.024970213480217485, -0.021927121903654066, -0.0038490465505861635]",1.0,-0.0022251128454492297,8.245272885343269e-06,0.0019284056359800525,True,existing,19.0
D_dist_from_20l,stock,1,1801,-0.02550300419701423,0.10442390891916793,-4.635144208036567,"[-0.039170303469894946, -0.043610610332978486, 0.007405953759212926, -0.042964011413029614, -0.00913808480817858]",0.8,-0.002575510975359516,3.566887309069955e-06,0.0009995777054226992,True,existing,19.0
W_close_pos,all,-1,1801,-0.01360383619363352,0.07586130923817455,-3.4033993728276624,"[-0.01564644565090181, -0.009501024937878128, -0.021553135876549143, -0.012895944029797827, -0.008416956557881619]",1.0,-0.0017284458737835586,0.0006655292299271309,0.027777585234901883,True,existing,51.0
D_WQ_3,all,-1,1801,0.014444137046931083,0.05549880941590635,4.9394635853424855,"[0.01809492910786313, 0.019823817896988307, 0.01018834997886589, 0.013944215449725702, 0.010159231712154241]",1.0,0.0013872688718338624,7.833777064814029e-07,0.000384181483553588,True,existing,6.0
D_WQ_6,all,-1,1801,0.015633491241379156,0.052752808430842804,5.624478273988238,"[0.01655785419729415, 0.022902590207492333, 0.011493505618553657, 0.01780415198887963, 0.009406786519798455]",1.0,0.0016958828793196255,1.860694687216835e-08,1.8250313723785123e-05,True,existing,6.0
D_WQ_6,market,3,466,0.018393781431083365,0.050751340742746905,3.498899416044976,"[0.033268505600949703, 0.02915743475606298, 0.01092680642922183, 0.014901172109890387]",1.0,0.001807204450852022,0.00046718278331736585,0.024117286665111384,True,existing,6.0
D_WQ_12,all,-1,1801,0.012006924320586415,0.04659388898680495,4.890741028363505,"[0.013068946410018928, 0.01417436925273196, 0.01636538736159138, 0.011899318888365644, 0.00452364962886463]",1.0,0.00116438545802235,1.0045706275718658e-06,0.0004531833052479855,True,existing,0.0
D_WQ_13,all,-1,1801,0.020821602576907836,0.05758278935155605,6.86267304451532,"[0.018256660063076403, 0.025560383153242345, 0.02189132058347428, 0.026427099925802826, 0.011979673999259522]",1.0,0.0025705274100932926,6.758371640103178e-12,1.98865085510036e-08,True,existing,1.0
D_WQ_13,market,3,466,0.027977018152955686,0.06553455888482095,4.121345277306061,"[0.033388498515063265, 0.041485420497678865, 0.0309432022812372, 0.01973406859963849]",1.0,0.0032217098116590574,3.7666640348099634e-05,0.005406540937769911,True,existing,1.0
D_WQ_13,market,5,471,0.0159802577372026,0.04730413828887237,3.2787635268865003,"[0.0029643941766904678, 0.026520866094873325, 0.015379294073234188, 0.02004097359081134, 0.0127753035635737]",1.0,0.001696035567267774,0.0010426296472907381,0.03859041178808801,True,existing,1.0
D_WQ_13,stock,1,1801,0.024290832530834163,0.09593316183494874,4.805576504403389,"[0.020030309665210445, 0.02799935885551091, 0.01990591581357933, 0.036572772922941026, 0.01695764018266696]",1.0,0.002491295032547971,1.543062177367105e-06,0.0005961223663725201,True,existing,1.0
D_WQ_13,stock,3,1738,0.023689764942943316,0.12795030386029227,3.451908806098991,"[0.025510964784768726, 0.031209303799591904, 0.023649251949570443, 0.018189562901540553, 0.021200601690708958]",1.0,0.0025701148660045316,0.0005566358235054025,0.02500612077350606,True,existing,1.0
D_WQ_16,all,-1,1801,0.021354550290835647,0.06004803709331238,6.7493736068499075,"[0.019904295115246537, 0.028221620932333658, 0.018444098312678174, 0.02364984898685161, 0.016556916593667127]",1.0,0.0026010802213840816,1.4848566820546694e-11,2.578313895718054e-08,True,existing,2.0
D_WQ_16,market,3,466,0.027252639486667615,0.06626021438171868,3.9706690495361654,"[0.03116103199795182, 0.0359139380705633, 0.025227053310156643, 0.02572790746967597]",1.0,0.0032102493553753464,7.167108045624815e-05,0.007668805608818552,True,existing,2.0
D_WQ_16,stock,1,1801,0.024460021989311142,0.09773341018713594,4.7499128851686665,"[0.02033688676802902, 0.029746610697289025, 0.019569322363694738, 0.0348360791767504, 0.01782266409418497]",1.0,0.0025715855920831563,2.035042955927935e-06,0.0006653459886464387,True,existing,2.0
D_WQ_16,stock,3,1738,0.02623639207960163,0.13189343894385114,3.7086923141699732,"[0.03248838989827221, 0.04136592754196448, 0.017923946893544523, 0.010096381439554143, 0.03193761666997888]",1.0,0.003077206687918346,0.00020833239859618935,0.016347148876514325,True,existing,2.0
D_WQ_23,all,-1,1801,0.015641644754231018,0.06899239528574168,4.302818719044663,"[0.006930599660684093, 0.01951059018812337, 0.017600974388509036, 0.026529824316043237, 0.007660432565277422]",1.0,0.001925552568156236,1.6863882664752694e-05,0.003101373421314675,True,existing,3.0
D_WQ_26,all,-1,1801,0.014957019954091367,0.05919171961660998,4.795743757587698,"[0.025641937565234117, 0.016107360336999537, 0.010292802680724576, 0.01013104163057788, 0.012582277230223109]",1.0,0.0014290784854045586,1.6207235109533258e-06,0.0005961223663725201,True,existing,4.0
D_WQ_29,all,-1,1801,0.02317021790005913,0.09306714687831596,4.725040900514093,"[0.019926288819532522, 0.028323577042039045, 0.024180883180520744, 0.030811016840294726, 0.012618334532021214]",1.0,0.0028537627141661005,2.300690458589827e-06,0.0007126085973053227,True,existing,5.0
D_WQ_29,stock,1,1801,0.0240154046933249,0.11230911260129837,4.058324482621022,"[0.027118177434619802, 0.03312763750215574, -0.009609849014381989, 0.04530785264189834, 0.02412458608916235]",0.8,0.0026072193867657935,4.9426060596768906e-05,0.005872888778619046,True,existing,5.0
D_WQ_29,stock,7,1731,0.028443340989810037,0.16538606405597325,3.1999649973089617,"[0.01627868889587309, 0.049814529173126, 0.040511165492287476, 0.024508446877551934, 0.0104169989070189]",1.0,0.004028278693504265,0.0013744427841844153,0.046486182671984386,True,existing,5.0
D_WQ_35,all,-1,1801,0.015414182809943264,0.06994130684217939,4.182718303424457,"[0.007389839637230336, 0.009491178796553028, 0.016988014504333016, 0.02979341221466066, 0.013430758739085705]",1.0,0.0018498746128043674,2.880442093688984e-05,0.004713738445744785,True,existing,7.0
D_WQ_35,market,3,466,0.026000513386983556,0.07449733787816164,3.3693732665705545,"[0.025791509161344175, 0.021065126260502085, 0.03199539309861554, 0.022169432438966533]",1.0,0.0028882622231389027,0.0007533932784944408,0.031005031076501988,True,existing,7.0
D_WQ_35,stock,1,1801,0.018414512936855896,0.1051809963186902,3.3227281453833104,"[0.00944900200206307, 0.006541525450045228, 0.015273074394338297, 0.04156344237383104, 0.01927042466104291]",1.0,0.002099698062883573,0.0008914174283216614,0.034064880296577775,True,existing,7.0
D_WQ_40,all,-1,1801,0.024719091190765177,0.06975792101097346,6.725287039441994,"[0.03483464768281337, 0.024405373662873615, 0.025726188689504208, 0.02420633473365249, 0.014394812416948772]",1.0,0.0025630130034977857,1.752464839910317e-11,2.578313895718054e-08,True,existing,8.0
D_WQ_40,market,2,366,0.02806851044002006,0.06820958947415119,3.5207036508882594,"[0.032762643756242056, 0.025092641187232444, 0.02110712173789047, 0.04175021957966558, 0.030531423692957624]",1.0,0.0028676882346590406,0.00043040334547628234,0.023942950303009705,True,existing,8.0
D_WQ_40,market,3,466,0.025913866004825578,0.07438207638980165,3.363348480142859,"[0.06572531095720159, 0.021689529058977072, 0.02369910644886181, 0.012196959302197307]",1.0,0.00262920854723318,0.0007700309388085635,0.031469667186724976,True,existing,8.0
D_WQ_40,market,4,323,0.02623286633003863,0.06464132625556482,3.2617580805160507,"[0.02788064198371756, 0.02540667876454692, 0.02906697691073861, 0.013788244190381825]",1.0,0.002740418088535307,0.0011072359222215056,0.04044984184144959,True,existing,8.0
D_WQ_40,market,5,471,0.022662915195864657,0.0687104968534627,3.2012392720581273,"[0.01864115752539901, 0.0400156669372116, 0.03728028714962834, 0.022417615397093478, 0.00894812935029469]",1.0,0.001969226660161359,0.0013683785107907465,0.046486182671984386,True,existing,8.0
D_WQ_40,stock,1,1801,0.024840559500030213,0.11014629508351352,4.280192819433625,"[0.0362330005860284, 0.021480314420060414, 0.02031323555139251, 0.03159235099368963, 0.014552250279296764]",1.0,0.0021811064201780334,1.8673146007008867e-05,0.003330044371249915,True,existing,8.0
D_WQ_41,all,-1,1801,0.01232630109897868,0.05867388484202312,3.987124365589066,"[0.010672291377479427, 0.011931868084266144, 0.008460528315379964, 0.017873365946976232, 0.012698046242240245]",1.0,0.0014360901498542537,6.687897273893739e-05,0.00728856952904901,True,existing,9.0
D_WQ_41,market,3,466,0.022240996876020578,0.05894660732898358,3.6425321271462296,"[0.02061066643917108, 0.02663026886198905, 0.025184413078171812, 0.020828729726761554]",1.0,0.002379349981129338,0.00026996927101152757,0.019453560460318042,True,existing,9.0
D_WQ_44,all,-1,1801,0.021292500254622912,0.05855700790701965,6.901120933218607,"[0.03189515499841988, 0.022781598446283864, 0.012993751641608303, 0.020409444928381336, 0.018353099439688405]",1.0,0.0022411253061940632,5.1594284400380275e-12,1.98865085510036e-08,True,existing,10.0
D_WQ_44,market,3,466,0.02756022918091851,0.05794394220928948,4.5917976538896195,"[0.055709440536690254, 0.02558524281678852, 0.025921908753489476, 0.01883890548413731]",1.0,0.002826497396563914,4.394443290811623e-06,0.0011244042941924522,True,existing,10.0
D_WQ_44,market,4,323,0.023335299428821916,0.05705934864800509,3.2870236377916515,"[0.0222557146246736, 0.038229739979626566, 0.010511084441644752, 0.03682128118902106]",1.0,0.00268179016367414,0.0010125233428437408,0.037713290333135537,True,existing,10.0
D_WQ_44,stock,1,1801,0.019606148708757945,0.1021843935605748,3.641493799052295,"[0.03222422861865643, 0.023734577778333567, 0.008998474974698979, 0.021542625179993488, 0.011495786770135298]",1.0,0.0018064167042080238,0.00027106065552184866,0.019453560460318042,True,existing,10.0
D_WQ_44,stock,3,1738,0.025800289524404173,0.1346408621597547,3.5726262054645646,"[0.0305890806918954, 0.04197560350989625, 0.010797164609885333, 0.01745779504025471, 0.030999181519862827]",1.0,0.0029631587688897926,0.0003534190621881095,0.021384339671738858,True,existing,10.0
D_mdi14_diff1,all,-1,1801,0.012442186198219008,0.07069912621745009,3.3400618134549576,"[0.005876865436335498, 0.006180903397363979, 0.015875507205579335, 0.022575254005395836, 0.011720637948536743]",1.0,0.0016895712635351717,0.0008375974454233326,0.032861739775442086,True,existing,24.0
D_mdi14_diff5,all,-1,1801,0.016456545961389183,0.07901790754068118,3.9526195673099274,"[0.013806844864884083, 0.010040933695185624, 0.015258414081552643, 0.03218654248561705, 0.010997354960530134]",1.0,0.0021446851534468463,7.730028177421744e-05,0.008123431397165528,True,existing,25.0
D_mdi14_diff5,market,3,466,0.03303947233071204,0.08900970157562563,3.5834695118550925,"[0.0437457778434568, 0.03143005060093387, 0.04010375691182952, 0.02473053020644015]",1.0,0.003871453500965679,0.000339060355821319,0.021384339671738858,True,existing,25.0
D_mdi14_rrank10,all,-1,1801,0.012613673988683278,0.0755685296890471,3.167907440515079,"[0.009541368197131413, 0.0030538452544918004, 0.007975958917504031, 0.03258313459731762, 0.009922597159725845]",1.0,0.0014058304222628393,0.0015354039543333808,0.0488752711063,True,existing,25.0
D_mdi14_rrank10,market,3,466,0.0300898749829515,0.0832421954041175,3.489673647657555,"[0.04348381743561252, 0.023768246142982456, 0.03711920488970364, 0.02234545633878892]",1.0,0.003030780329249936,0.00048361074689240446,0.024393064896189507,True,existing,25.0
D_dist_from_52wl,stock,8,1801,0.028603468375966588,0.1516591520086856,3.579496388346732,"[0.03958466560648345, 0.037718294118540295, 0.022109059664837928, 0.011943497577966299, 0.031631321586364634]",1.0,0.0020130790390964926,0.0003442570059279948,0.021384339671738858,True,existing,20.0
D_downside_dev_60,stock,7,1731,-0.041161966293316164,0.18882091044962007,-4.056108437695929,"[-0.03064909819218849, -0.039121362749432134, -0.04212722729860984, -0.06339926584766822, -0.03480691015189523]",1.0,-0.00449041368020846,4.9897100922846604e-05,0.005872888778619046,True,existing,21.0
D_days_since_5pct_up,stock,4,1391,0.03295710894585805,0.17216865619934837,3.19281371785444,"[0.03760677947153794, 0.056444729996913086, 0.02341197843015201, 0.02115001339119489, 0.04132286325739491]",1.0,0.004432949985566852,0.0014089380602477775,0.04738057419747526,True,existing,17.0
X_rank_D_range_pct,all,-1,1801,-0.024054240349274225,0.13093468947984366,-3.486653403477054,"[-0.04443186294387643, -0.034673164441026416, -0.021558667844625727, -0.0029577614567875923, -0.01659314055284772]",1.0,-0.0018383222899040477,0.0004891047846644625,0.024393064896189507,True,existing,27.0
X_rank_D_range_pct,stock,1,1801,-0.026306525315614077,0.1426757273576443,-3.4993327981623006,"[-0.05703127977636312, -0.04961802810371017, 0.007275416008339117, -0.0073001762946047905, -0.024773211871562686]",0.8,-0.0018896555490230972,0.00046642402972607577,0.024117286665111384,True,existing,27.0
X_rank_D_range_pct,stock,4,1391,-0.03502103040228451,0.184387590634641,-3.1679315799187022,"[-0.033482537419844915, -0.03630371546749327, -0.033096876147405294, -0.028092920387299682, -0.04450340164693701]",1.0,-0.004205513580642507,0.0015352764752338821,0.0488752711063,True,existing,27.0
X_rank_D_range_pct,stock,7,1731,-0.0381343559051987,0.17479282326933598,-4.059348616344559,"[-0.04914246950885658, -0.03063122922781005, -0.051719811232010034, -0.014353466740780588, -0.04027395834258712]",1.0,-0.004504014586995821,4.920979875122633e-05,0.005872888778619046,True,existing,27.0
X_rank_D_range_pct,stock,8,1801,-0.031173772842234944,0.1711127618472938,-3.4576324036947925,"[-0.05352348905850407, -0.02909226737483536, -0.03233218882046727, -0.019787015926277362, -0.0210718204860455]",1.0,-0.002318063341128348,0.0005449443894141037,0.024674777614356963,True,existing,27.0
X_z_D_range_pct,all,-1,1801,-0.02405447511069989,0.1309351846010049,-3.4866742474245918,"[-0.04443233832894971, -0.034673269987971, -0.021557599310363502, -0.0029581165892364493, -0.016594446161372525]",1.0,-0.0018383222899040477,0.0004890666693853074,0.024393064896189507,True,existing,27.0
X_z_D_range_pct,stock,1,1801,-0.026306701977953328,0.14267633178030417,-3.4993414736526414,"[-0.057031690379288125, -0.049619403141895134, 0.007275833709959691, -0.007299781767824481, -0.024773121120714888]",0.8,-0.0018896555490230972,0.0004664088526584731,0.024117286665111384,True,existing,27.0
X_z_D_range_pct,stock,4,1391,-0.03501813003152962,0.18438509436377049,-3.1677121032767417,"[-0.03348328679389597, -0.03627850347283245, -0.033096876147405294, -0.028092920387299682, -0.04450416653708929]",1.0,-0.004205513580642507,0.001536435880147069,0.0488752711063,True,existing,27.0
X_z_D_range_pct,stock,7,1731,-0.03814225159735807,0.174781516301419,-4.0604517634846635,"[-0.049166812898653274, -0.030651275699299582, -0.051724819142442195, -0.014337464981483817, -0.04027540673643495]",1.0,-0.004504014586995821,4.8977855590326413e-05,0.005872888778619046,True,existing,27.0
X_z_D_range_pct,stock,8,1801,-0.031173065062628944,0.17111188407249503,-3.4575716371320526,"[-0.05352348905850407, -0.029090899940391504, -0.03233008125911105, -0.019787015926277362, -0.021071754617761087]",1.0,-0.002318063341128348,0.0005450673049900434,0.024674777614356963,True,existing,27.0
X_rank_D_atr_pct,stock,7,1731,-0.03965785662297734,0.21331769634509776,-3.4591220447792157,"[-0.058181052248382305, -0.025886523272744728, -0.046287799708714834, -0.03583838383155418, -0.03133042162252438]",1.0,-0.0033997694203894945,0.0005419392810304124,0.024674777614356963,True,existing,11.0
X_z_D_atr_pct,stock,7,1731,-0.03966186598587107,0.2133154974992299,-3.4595074180379544,"[-0.05818049270709017, -0.02590636272156553, -0.046287799708714834, -0.03583838383155418, -0.03133042162252438]",1.0,-0.0033997694203894945,0.00054116437082663,0.024674777614356963,True,existing,11.0
X_rank_D_dist_from_52wl,stock,8,1801,0.028603468375966588,0.1516591520086856,3.579496388346732,"[0.03958466560648345, 0.037718294118540295, 0.022109059664837928, 0.011943497577966299, 0.031631321586364634]",1.0,0.0020130790390964926,0.0003442570059279948,0.021384339671738858,True,existing,20.0
X_z_D_dist_from_52wl,stock,8,1801,0.02860140716025528,0.1516559519282498,3.5793139688391684,"[0.039584160473752586, 0.0377173480854762, 0.022109059664837928, 0.011943497577966299, 0.031622462351150335]",1.0,0.0020130790390964926,0.0003444973814192842,0.021384339671738858,True,existing,52.0
X_rank_D_downside_dev_60,stock,7,1731,-0.041161966293316164,0.18882091044962007,-4.056108437695929,"[-0.03064909819218849, -0.039121362749432134, -0.04212722729860984, -0.06339926584766822, -0.03480691015189523]",1.0,-0.00449041368020846,4.9897100922846604e-05,0.005872888778619046,True,existing,21.0
X_z_D_downside_dev_60,stock,7,1731,-0.04116228523406447,0.1888214056428573,-4.056129228759119,"[-0.03064681530302691, -0.039124311604230244, -0.04212722729860984, -0.06340002364091855, -0.03480717155150488]",1.0,-0.00449041368020846,4.9892661887041e-05,0.005872888778619046,True,existing,21.0
X_rank_D_donch_pos_20,stock,1,1801,-0.017996963852347603,0.10619836304956626,-3.2162757484785987,"[-0.026244965135160645, -0.03272655483210316, 0.018246406858651507, -0.04685443034194697, -0.0023823646965042645]",0.8,-0.0021289645877511365,0.0012986598417799033,0.0449565480522043,True,existing,43.0
X_z_D_donch_pos_20,stock,1,1801,-0.017996963852347603,0.10619836304956626,-3.2162757484785987,"[-0.026244965135160645, -0.03272655483210316, 0.018246406858651507, -0.04685443034194697, -0.0023823646965042645]",0.8,-0.0021289645877511365,0.0012986598417799033,0.0449565480522043,True,existing,19.0
X_rank_D_ema20_angle_deg,stock,1,1801,-0.022852146787868472,0.1199268745758615,-3.6164489889720732,"[-0.04577757362045254, -0.03448339381167658, 0.01998882061933845, -0.04173847008054162, -0.012186435304808427]",0.8,-0.0026427213213141188,0.0002986721424584893,0.020204879743738267,True,existing,43.0
X_z_D_ema20_angle_deg,stock,1,1801,-0.022852005103411614,0.11992681004843317,-3.6164285126495455,"[-0.04577666616180825, -0.03448339381167658, 0.01998882061933845, -0.0417384986132006, -0.012186607935659972]",0.8,-0.0026427213213141188,0.0002986957583186456,0.020204879743738267,True,existing,43.0
R_ema20_angle_deg__csrank,stock,1,1801,-0.022852146787868472,0.1199268745758615,-3.6164489889720732,"[-0.04577757362045254, -0.03448339381167658, 0.01998882061933845, -0.04173847008054162, -0.012186435304808427]",0.8,-0.0026427213213141188,0.0002986721424584893,0.020204879743738267,True,representation,43.0
R_ema20_angle_deg__csz,stock,1,1801,-0.02285224941142376,0.11992701949943188,-3.6164608593342544,"[-0.04577757362045254, -0.03448339381167658, 0.01998882061933845, -0.041738983483383514, -0.012186435304808427]",0.8,-0.0026427213213141188,0.00029865845287058157,0.020204879743738267,True,representation,43.0
R_ema20_angle_deg__tsz60,all,-1,1801,-0.01870224840236008,0.08681188693953835,-4.088711606636128,"[-0.0239137552517343, -0.019144469672986355, -0.017812579652805097, -0.027353078274554753, -0.005272882751804964]",1.0,-0.002301581518211114,4.33775738910569e-05,0.005872888778619046,True,representation,44.0
R_ema20_angle_deg__tsz60,stock,1,1801,-0.02223924872086587,0.11832827766199842,-3.567002576651469,"[-0.021954011076717624, -0.03125954389969702, 0.0190002470479589, -0.05246416196638124, -0.02451956603628165]",0.8,-0.0024737712616203613,0.0003610879312847537,0.021384339671738858,True,representation,44.0
R_adx14__d5,stock,1,1801,-0.01789242994253266,0.1032156245007038,-3.2899987661279133,"[-0.03589038982288296, -0.02968310003490608, -0.003059123415974272, -0.014900497696515138, -0.005879044409383901]",1.0,-0.0020402635555613713,0.0010018782208387478,0.03755447980659892,True,representation,36.0
R_rsi14__tsz60,all,-1,1801,-0.01639844429604626,0.08273535949122919,-3.7616929648566564,"[-0.02397872865043788, -0.016118637342954285, -0.015049204712027076, -0.024931855556800716, -0.001892738872582473]",1.0,-0.0019008034332612033,0.00016876714371649726,0.01433825725847379,True,representation,44.0
R_rsi14__tsz60,stock,1,1801,-0.02210116879178729,0.11773428527474918,-3.5627401163381123,"[-0.023046536930755784, -0.032200573735846, 0.015320756936894591, -0.05034612731013768, -0.020230736896483314]",0.8,-0.002398272256279029,0.00036700396038158445,0.021384339671738858,True,representation,44.0
R_rsi14__d5,all,-1,1801,-0.018486371509036016,0.08666217369964012,-4.048498220964317,"[-0.010984736008436562, -0.01231899709653643, -0.02179570687610203, -0.03342885436719101, -0.0139244010733046]",1.0,-0.002355220043995894,5.154732594259137e-05,0.005948157121022553,True,representation,5.0
R_rsi14__d5,market,3,466,-0.03424427352850004,0.09606868178130822,-3.441233024232716,"[-0.029703182922403547, -0.03123078769790348, -0.0427152430372346, -0.030795754210225824]",1.0,-0.004040885414564676,0.0005790696033125542,0.025214124193361397,True,representation,5.0
R_rsi14__d5,stock,1,1801,-0.022124788207988657,0.11346459349268836,-3.7007573875895536,"[-0.015406321162531334, -0.008730486521432355, -0.003949046033133552, -0.05337024245357962, -0.029186507277726037]",1.0,-0.0024756604144974222,0.00021495692114026355,0.01661365656663765,True,representation,5.0
R_rsi14__accel,all,-1,1801,-0.01430358221201642,0.07081224278190398,-3.8336134586611923,"[-0.00932834695458931, -0.012722152437511338, -0.018321955067561724, -0.0229353939046131, -0.008223882793743933]",1.0,-0.0017162887184776594,0.00012627451720348404,0.011985895705524252,True,representation,41.0
R_rsi14__accel,market,3,466,-0.023853889679887122,0.07171873409716534,-3.2109574260267553,"[-0.015988172770740394, -0.021035815300156836, -0.03074974981639494, -0.022360937757991466]",1.0,-0.0026298701771149827,0.0013229353283696899,0.045264386089858284,True,representation,41.0
R_rsi7__csrank,all,-1,1801,-0.01598958986956444,0.09084322060931747,-3.340539842599343,"[-0.02221992039423524, -0.008054536359134862, -0.020014636024268586, -0.027567739258661354, -0.0020738108378425125]",1.0,-0.001981435311095137,0.0008361568224570792,0.032861739775442086,True,representation,43.0
R_rsi7__csrank,stock,1,1801,-0.022072731802720937,0.1118561931492157,-3.7451386967116544,"[-0.030053986357573698, -0.019335028353423555, 0.013295895820048045, -0.05579014575189974, -0.018458224219214458]",0.8,-0.002456796598069261,0.0001802941439468242,0.01433825725847379,True,representation,43.0
R_rsi7__csz,all,-1,1801,-0.01598958986956444,0.09084322060931747,-3.340539842599343,"[-0.02221992039423524, -0.008054536359134862, -0.020014636024268586, -0.027567739258661354, -0.0020738108378425125]",1.0,-0.001981435311095137,0.0008361568224570792,0.032861739775442086,True,representation,43.0
R_rsi7__csz,stock,1,1801,-0.022072731802720937,0.1118561931492157,-3.7451386967116544,"[-0.030053986357573698, -0.019335028353423555, 0.013295895820048045, -0.05579014575189974, -0.018458224219214458]",0.8,-0.002456796598069261,0.0001802941439468242,0.01433825725847379,True,representation,43.0
R_rsi7__tsz60,all,-1,1801,-0.017462245408473992,0.08395169303073316,-3.9476849207023426,"[-0.017871069806442815, -0.015603269082601356, -0.016536888183526898, -0.030163233712829206, -0.007135630633642003]",1.0,-0.002095152467101522,7.891056234088367e-05,0.008147169462738604,True,representation,44.0
R_rsi7__tsz60,stock,1,1801,-0.02289070433222176,0.11748264479982665,-3.697918158085401,"[-0.017065863075339163, -0.024422394305591302, 0.014458679209536952, -0.057747642790947414, -0.029692480813370316]",0.8,-0.0023897298662763095,0.00021737494573170757,0.01661365656663765,True,representation,44.0
R_rsi7__d5,all,-1,1801,-0.01652260395484673,0.08168457745811054,-3.83893077103527,"[-0.008072859905313942, -0.008328094734515177, -0.02161512548543159, -0.03135764509092261, -0.013262766069299022]",1.0,-0.0021480024413934604,0.00012357126329365364,0.011921588270215602,True,representation,5.0
R_rsi7__d5,market,3,466,-0.030918717970612068,0.08683177713985105,-3.4375636190011543,"[-0.02226972071162924, -0.02710076252932066, -0.039893428410525, -0.02877085254378922]",1.0,-0.003679877660849694,0.0005869728146967734,0.025214124193361397,True,representation,5.0
R_rsi7__d5,stock,1,1801,-0.02018983768663539,0.112568003116518,-3.4040013190015794,"[-0.014021451592129424, -0.0030799331832133347, -0.008054672309069555, -0.04982259107432568, -0.025987674680257027]",1.0,-0.0021763331981193247,0.0006640643272417535,0.027777585234901883,True,representation,5.0
R_rsi7__accel,all,-1,1801,-0.01237254021614505,0.06748212652612137,-3.4797013253228886,"[-0.008087272422807826, -0.010162755321718819, -0.01637556411246625, -0.02051552968744264, -0.006733483057937873]",1.0,-0.0013686078206983446,0.0005019730560471558,0.024674777614356963,True,representation,41.0
R_macd_hist__csrank,all,-1,1801,-0.013471389068142756,0.06804874296125041,-3.7571983798643096,"[-0.012358411436068924, -0.017762185732643137, -0.018091211811352474, -0.017217838494719903, -0.0019303894704628807]",1.0,-0.001335213415545152,0.00017182627945122597,0.01433825725847379,True,representation,23.0
R_macd_hist__csz,all,-1,1801,-0.013471379324871486,0.06804874305759949,-3.757195657125973,"[-0.012358374303027936, -0.017762167664828868, -0.01809122124724956, -0.017217828739481408, -0.0019303963503859015]",1.0,-0.001335213415545152,0.0001718281483273909,0.01433825725847379,True,representation,46.0
R_macd_hist__d5,all,-1,1801,-0.0139268168365909,0.07000178261948975,-3.775849003335782,"[-0.006514995681061466, -0.015920352553990675, -0.015965303829666558, -0.016322022219554328, -0.014931998290780167]",1.0,-0.0017120288765672587,0.00015946357476370743,0.01433825725847379,True,representation,47.0
R_macd_hist__accel,all,-1,1801,-0.011587786438953316,0.062404523944622654,-3.5241652325135346,"[-0.006347202246738677, -0.01636131844652356, -0.01129190699389996, -0.012260543114544022, -0.011692518571372065]",1.0,-0.0013630875339187267,0.00042481924686166295,0.023942950303009705,True,representation,45.0
R_atr_pct__csrank,stock,7,1731,-0.03965785662297734,0.21331769634509776,-3.4591220447792157,"[-0.058181052248382305, -0.025886523272744728, -0.046287799708714834, -0.03583838383155418, -0.03133042162252438]",1.0,-0.0033997694203894945,0.0005419392810304124,0.024674777614356963,True,representation,11.0
R_atr_pct__csz,stock,7,1731,-0.03965785662297734,0.21331769634509776,-3.4591220447792157,"[-0.058181052248382305, -0.025886523272744728, -0.046287799708714834, -0.03583838383155418, -0.03133042162252438]",1.0,-0.0033997694203894945,0.0005419392810304124,0.024674777614356963,True,representation,11.0
R_realvol_20__d5,all,-1,1801,-0.011898587143745485,0.0678809433563031,-3.3267439882374417,"[-0.007458550864015285, -0.018181558053593668, -0.028082178082337695, 0.0005000225004620624, -0.006283004653353201]",0.8,-0.0015016641390850354,0.0008786705936874029,0.034019581867436616,True,representation,50.0
R_realvol_ratio_20_60__d5,market,4,323,-0.023782988446128434,0.055230767336937214,-3.4610000601503548,"[-0.007333085897951846, -0.024141861549305844, -0.027962268328827717, -0.0292762643495996]",1.0,-0.0027653017149335125,0.0005381726918662899,0.024674777614356963,True,representation,50.0
R_bb_bw_20__csrank,stock,1,1801,-0.02965651565367011,0.15794651771131446,-3.563542340754244,"[-0.06413109677474113, -0.049653198381499376, -0.012387895784128373, -0.010083183791361226, -0.01193144081128412]",1.0,-0.0018701267145283394,0.0003658836456648107,0.021384339671738858,True,representation,13.0
R_bb_bw_20__csz,stock,1,1801,-0.029656503530750854,0.1579465230183916,-3.56354076432132,"[-0.06413109677474113, -0.049653224457301054, -0.012387842709865038, -0.010083150141551856, -0.01193144081128412]",1.0,-0.0018701267145283394,0.00036588584403096647,0.021384339671738858,True,representation,13.0
R_bb_bw_20__tsz60,stock,1,1801,-0.020073793335642187,0.10564192703811848,-3.6063260439542804,"[-0.035863242773126386, -0.014004861834203814, -0.03292472706674843, -0.005656743061798525, -0.011875532360562997]",1.0,-0.0020282810544817445,0.00031056288401143384,0.020768892868264638,True,representation,16.0
R_atr_ratio_14_30__tsz60,all,-1,1801,-0.01784433606167061,0.07608114957698955,-4.451385244089525,"[-0.033788524815800365, -0.015588785542726342, -0.023953231887554806, -0.001363803880792744, -0.01448304476827288]",1.0,-0.0020503901070025917,8.531812283107953e-06,0.0019284056359800525,True,representation,38.0
R_atr_ratio_14_30__tsz60,stock,1,1801,-0.02410364420285966,0.11175184273104284,-4.093547829624883,"[-0.05286138568726959, -0.03735074358662922, -0.007384575312399862, -0.005481225734615371, -0.01736040807814976]",1.0,-0.0023862890832908865,4.24822393847446e-05,0.005872888778619046,True,representation,38.0
R_atr_ratio_14_30__d5,all,-1,1801,-0.017319774657483876,0.0714913231156715,-4.597913076695774,"[-0.019837767594980522, -0.018132435558071106, -0.030652822146510002, -0.01002520617565935, -0.007943647387372021]",1.0,-0.002225594487273881,4.267439549954233e-06,0.0011244042941924522,True,representation,37.0
R_atr_ratio_14_30__d5,stock,1,1801,-0.023420423134526264,0.1062754857445353,-4.182476339062961,"[-0.037110431441449765, -0.025518232227554297, -0.010412155206738728, -0.019793845198615687, -0.024229423797420303]",1.0,-0.0026033902349873357,2.883510349138696e-05,0.004713738445744785,True,representation,37.0
R_atr_ratio_14_30__d5,stock,7,1726,-0.026765166807135463,0.15689737429446846,-3.1694920898055843,"[-0.03866423781554696, -0.013858519839913328, -0.036857912289751216, -0.020815030695808156, -0.022402032289757578]",1.0,-0.004192524427798349,0.0015270561471933952,0.0488752711063,True,representation,37.0
R_pos_in_52w_range__tsz60,stock,1,1801,-0.019395404689023513,0.11049298428979974,-3.331470687290748,"[-0.025160612548918743, -0.04845666643774403, 0.004079756280784273, -0.024484355937386522, -0.002939130335575061]",0.8,-0.0021052558213283568,0.000863883975966262,0.03366859071895001,True,representation,49.0
R_pos_in_52w_range__d5,all,-1,1801,-0.021900350475957137,0.0884726555323874,-4.698009128511776,"[-0.021631686257538852, -0.027059139777367815, -0.01826732539389169, -0.032935289834873344, -0.00960905740560958]",1.0,-0.002762203678834134,2.6270969306629866e-06,0.0007730232718475838,True,representation,5.0
R_pos_in_52w_range__d5,stock,1,1801,-0.029058196960797138,0.11103999428562257,-4.966621756346989,"[-0.032614189159115056, -0.03540387266613402, 0.0030510237499959112, -0.05468857186773534, -0.025625497104890746]",0.8,-0.003025428622499805,6.812928505794957e-07,0.0003644916750600302,True,representation,5.0
R_pos_in_52w_range__accel,all,-1,1801,-0.017081102402975192,0.07221550073727996,-4.4890797785010434,"[-0.015565392491100715, -0.021269775973245867, -0.016277180248785137, -0.02546250813675519, -0.006834865470299811]",1.0,-0.0020446583878844277,7.153150644478856e-06,0.0017540121476149195,True,representation,41.0
R_pos_in_52w_range__accel,market,3,466,-0.026270399027328126,0.0782018955626262,-3.2430776363453018,"[-0.02801585703189982, -0.020106304410587784, -0.033517833121107524, -0.021473593133964592]",1.0,-0.0029156508920151363,0.0011824598549223797,0.042691878811154625,True,representation,41.0
R_pos_in_52w_range__accel,stock,1,1801,-0.019027429130135783,0.10655219874512373,-3.3891403283775388,"[-0.020800103339229478, -0.01618670338257658, -0.007657689089946091, -0.034721754887703384, -0.015765970856198134]",1.0,-0.0019683800806647752,0.0007011212025589408,0.029057030120136385,True,representation,41.0
R_dist_from_20h__d5,market,3,466,-0.030828797613640463,0.08591773675634164,-3.464030558257989,"[-0.03160338698537592, -0.04072434996760137, -0.032373021550618004, -0.027455820643020715]",1.0,-0.0035934283557904102,0.0005321460557554669,0.024674777614356963,True,representation,42.0
R_dist_from_20h__accel,market,3,466,-0.023808404932770172,0.06750764356679059,-3.404750621897023,"[-0.02427793967551814, -0.029349076451274297, -0.025934069992700693, -0.02047382356090563]",1.0,-0.0026228806940977703,0.0006622450044806438,0.027777585234901883,True,representation,41.0
R_donch_pos_20__csrank,stock,1,1801,-0.017996963852347603,0.10619836304956626,-3.2162757484785987,"[-0.026244965135160645, -0.03272655483210316, 0.018246406858651507, -0.04685443034194697, -0.0023823646965042645]",0.8,-0.0021289645877511365,0.0012986598417799033,0.0449565480522043,True,representation,43.0
R_donch_pos_20__csz,stock,1,1801,-0.017996963852347603,0.10619836304956626,-3.2162757484785987,"[-0.026244965135160645, -0.03272655483210316, 0.018246406858651507, -0.04685443034194697, -0.0023823646965042645]",0.8,-0.0021289645877511365,0.0012986598417799033,0.0449565480522043,True,representation,19.0
R_donch_pos_20__tsz60,all,-1,1801,-0.01337025520183037,0.0783552058626432,-3.2384984618076227,"[-0.017254700215095658, -0.01558612794359039, -0.008582996721610324, -0.022186778189583947, -0.003229882814234684]",1.0,-0.0015868600110864523,0.0012016066891842314,0.043118630279568304,True,representation,19.0
R_donch_pos_20__tsz60,stock,1,1801,-0.0200074806903718,0.11422709732580799,-3.324261040249167,"[-0.018214721310138206, -0.03305164926747385, 0.019988370161100208, -0.05003306151328173, -0.018731321409232723]",0.8,-0.001915989367494439,0.0008865317175659193,0.034064880296577775,True,representation,19.0
R_obv_slope__tsz60,all,-1,1801,-0.012881148685759788,0.06832021753371922,-3.5783037784548046,"[-0.009773837643045829, -0.014325854489923136, -0.009115406125612662, -0.021937609257767925, -0.009261667332012486]",1.0,-0.0015437879804063941,0.00034583136116439483,0.021384339671738858,True,representation,48.0
R_obv_slope__tsz60,market,3,466,-0.022008287472083464,0.06426168759753295,-3.306298650360071,"[-0.018637404685975818, -0.013912417188646579, -0.02799467247019352, -0.020915360648684763]",1.0,-0.002374398675896408,0.0009453726729145018,0.035893665678076406,True,representation,48.0
R_cmf20__tsz60,all,-1,1801,-0.012765894391032512,0.05994267506487076,-4.041913185150766,"[-0.018741082930447323, -0.016523080122093355, -0.01999149688664784, -0.007028613174457586, -0.0015286010955736353]",1.0,-0.001514308833670067,5.301686218373014e-05,0.006000081422139459,True,representation,39.0
R_cmf20__d5,all,-1,1801,-0.010688963940483485,0.059313496669635084,-3.4202191850222836,"[-0.011963103520019313, -0.006040114424565512, -0.017378816082588688, -0.014570016350579178, -0.003489230048054913]",1.0,-0.001317020951695972,0.0006257069895665435,0.026683229228979047,True,representation,40.0
R_cmf20__d5,market,3,466,-0.02019570519985084,0.06122226921489101,-3.18461954378039,"[-0.026183128533254368, -0.02715040088141239, -0.021320851586599777, -0.01571833010809772]",1.0,-0.0024493383376171796,0.0014494443037276206,0.04846579390589231,True,representation,40.0
R_cmf20__d20,all,-1,1801,-0.01047564169096142,0.05771231395414919,-3.4449585601930526,"[-0.013908451443712833, -0.018983226964908565, -0.01024689752330125, -0.005276498382240058, -0.003953598557997869]",1.0,-0.0012621139329172784,0.0005711469464644292,0.025214124193361397,True,representation,39.0
R_compress_state__csrank,all,-1,1801,-0.011124091659340009,0.06649126345821349,-3.175205421790403,"[-0.011267905482282112, -0.009439052635228725, -0.02331107643758951, -0.005057151820821159, -0.006544872437937028]",1.0,-0.0011301366824465287,0.0014973046240691623,0.0488752711063,True,representation,16.0
R_compress_state__csrank,stock,1,1801,-0.01849381441344071,0.10210307868642737,-3.4376330172168412,"[-0.031201279133986723, -0.011802538056464683, -0.02921127111902928, -0.009196494171408352, -0.011022191073201888]",1.0,-0.002127669846335476,0.0005868224168663616,0.025214124193361397,True,representation,16.0
R_compress_state__csz,all,-1,1801,-0.011124091659340009,0.06649126345821349,-3.175205421790403,"[-0.011267905482282112, -0.009439052635228725, -0.02331107643758951, -0.005057151820821159, -0.006544872437937028]",1.0,-0.0011301366824465287,0.0014973046240691623,0.0488752711063,True,representation,16.0
R_compress_state__csz,stock,1,1801,-0.01849381441344071,0.10210307868642737,-3.4376330172168412,"[-0.031201279133986723, -0.011802538056464683, -0.02921127111902928, -0.009196494171408352, -0.011022191073201888]",1.0,-0.002127669846335476,0.0005868224168663616,0.025214124193361397,True,representation,16.0
R_compress_state__tsz60,market,4,323,-0.023352858392739113,0.05799803103375897,-3.2362573876024037,"[-0.010536525859683343, -0.014029572401280974, -0.034887043144531046, -0.020988351392501672]",1.0,-0.0024064002609042465,0.0012110812775278923,0.04319523223182816,True,representation,16.0
R_drawdown_252__d5,all,-1,1801,-0.01936309186714045,0.10626567815374323,-3.4582273574024636,"[-0.023403371854360193, -0.017228301573338437, -0.014217109315485844, -0.0322988956123708, -0.009656557980182457]",1.0,-0.0026398096977561557,0.0005437423100269623,0.024674777614356963,True,representation,5.0
R_drawdown_252__d5,stock,1,1801,-0.028157976074643893,0.12027017831138571,-4.443399225310326,"[-0.03789524912271321, -0.030042902333531747, 0.006380551263288289, -0.05340592362685164, -0.025799308572722078]",0.8,-0.0029278747259423735,8.854864064211654e-06,0.0019284056359800525,True,representation,5.0
R_drawdown_252__accel,all,-1,1801,-0.015900891596507035,0.08585017696234612,-3.5152169713928827,"[-0.018166644002047167, -0.017546618696802296, -0.013234035603736021, -0.026070547712852755, -0.004480318210414871]",1.0,-0.002060310402789337,0.0004393948398853098,0.023942950303009705,True,representation,41.0
N_min_ret20,stock,0,1800,0.03299020105563001,0.16688468712261778,3.750763869402722,"[0.03637161049880934, 0.049258482170896616, 0.034902780511574714, 0.015325623631205054, 0.029092508465664357]",1.0,0.0026182218782009226,0.0001762966671299271,0.01433825725847379,True,distribution,35.0
N_clv,stock,5,1577,0.04190896867442732,0.1765495410545226,4.215714825523639,"[0.058737484553891585, 0.051837369333289404, 0.054533393293181236, 0.013161503205916072, 0.03704368818390801]",1.0,0.005371361179866203,2.4898823986374552e-05,0.0043096935047004185,True,structure,9.0
N_range_expansion,all,-1,1801,-0.013395997186552083,0.0697089550554753,-3.647189502856237,"[-0.013360089076415425, -0.014020962504919805, -0.0241089650727881, -0.009337923143040676, -0.006152145880346778]",1.0,-0.0017184799389560197,0.00026512439339021476,0.019453560460318042,True,volatility,28.0
N_body_range,stock,5,1577,0.04071270665388937,0.17437648853979174,4.146416199704066,"[0.05399654114518798, 0.06237664364433178, 0.0479990035984972, 0.015518559697964125, 0.03065434095195036]",1.0,0.005195098425018194,3.377197029386103e-05,0.005114218711807976,True,structure,14.0
N_dist_hi10,stock,5,1570,0.04399455315133534,0.19539421707541935,3.9898082948294102,"[0.07028733550871712, 0.05874034936629564, 0.05661953372005688, 0.0006499003297476255, 0.0432837095386258]",1.0,0.0049208324339422935,6.612671898831302e-05,0.00728856952904901,True,location,32.0
N_dist_lo10,all,-1,1801,-0.02316560529879081,0.08408501258192082,-5.228738389056061,"[-0.035016221881470126, -0.018385849643784712, -0.031445784167438665, -0.01607607734427084, -0.014871175077593361]",1.0,-0.0020804346290611894,1.7067066537812536e-07,0.00011159965175002975,True,location,33.0
N_dist_lo10,market,2,366,-0.029669810392562425,0.07785964838870994,-3.260302322338677,"[-0.035069575052873066, -0.01768129686582654, -0.02251054406655086, -0.03098762385135617, -0.04250018278875233]",1.0,-0.002550898871035171,0.0011129351611167682,0.04044984184144959,True,location,33.0
N_dist_lo10,stock,1,1801,-0.03819041573667289,0.13155990771503825,-5.509379391523622,"[-0.060470414242405526, -0.05965570930810047, -0.0065575037689016066, -0.03794249801797985, -0.026264064461238832]",1.0,-0.0028863568769105534,3.6010102455463766e-08,3.0274207564343465e-05,True,location,33.0
N_dist_lo10,stock,4,1376,-0.03703035816487589,0.17209169222128617,-3.5696219403376386,"[-0.049676571645453006, -0.0312642067676855, -0.017442522104901544, -0.04433235528156764, -0.04704058214951392]",1.0,-0.004678459183133896,0.00035749678118301986,0.021384339671738858,True,location,33.0
N_dist_lo10,stock,7,1729,-0.038073042601620526,0.16139840815116155,-4.386628260715714,"[-0.028774003406768268, -0.04142053583838903, -0.052697854199646524, -0.04252519816876077, -0.025892140550259807]",1.0,-0.0048596288144732765,1.1512129175494934e-05,0.0022582960065929227,True,location,33.0
N_dist_lo50,all,-1,1801,-0.019356805006394227,0.09995046934733937,-3.6755360911986803,"[-0.04952835778031482, -0.016902612149714655, -0.020732430556258178, -0.0071354319393712356, -0.002401382737495809]",1.0,-0.0016325917897702293,0.00023735048217843335,0.017907789584872824,True,location,34.0
N_dist_lo50,stock,7,1710,-0.03450230701904455,0.17380821395373072,-3.671055003986498,"[-0.05250361380776483, -0.03833256129531854, -0.05292586192029129, -0.03153931012513432, 0.0035293883653401354]",0.8,-0.0033240792344947172,0.00024155134520742472,0.017994046411970815,True,location,34.0
M_rel_ret5,all,-1,1801,-0.018992952056299084,0.11216319639692754,-3.2137637590281574,"[-0.020801735655710044, -0.004253570826918039, -0.025396107067482167, -0.033039611972102444, -0.011468710360395493]",1.0,-0.0026031368705772364,0.0013100741242726421,0.04508646913066959,True,market-relative,5.0
M_rel_ret5,stock,1,1801,-0.025399904726558106,0.124392012211928,-3.8753546133352996,"[-0.036789747212544126, -0.018660066927983842, 0.007773408625316655, -0.05389729528584129, -0.02539418438038796]",0.8,-0.002551587583284052,0.00010646953398185666,0.010442886791387107,True,market-relative,5.0
I_dvol_z20__x__ema20_angle_deg,all,-1,1801,-0.015176024548337627,0.04976319513546971,-5.787907974530143,"[-0.016138751848149287, -0.021910349388573634, -0.01221759177458201, -0.01665470599334535, -0.008956049494538371]",1.0,-0.0016161986831710405,7.126843559746021e-09,8.388294869821067e-06,True,interaction,31.0
I_dvol_z20__x__ema20_angle_deg,market,3,466,-0.01611983883504712,0.04425403840854675,-3.5165414686509893,"[-0.022015791064441466, -0.01459769725985978, -0.01776291018443344, -0.013773738109254936]",1.0,-0.0015747945778509934,0.00043720835676586134,0.023942950303009705,True,interaction,31.0
I_dvol_z20__x__ema20_angle_deg,stock,1,1801,-0.019115898499875855,0.10815188911801578,-3.3545360259728363,"[-0.025775176472272537, -0.012706796692670747, -0.02207001612219003, -0.02023600043230924, -0.014773004785568932]",1.0,-0.0021624487948292766,0.0007949820070358715,0.03226530421659382,True,interaction,31.0
I_bb_pctB_20__x__adx14,all,-1,1801,-0.01024204634750749,0.04712901034077382,-4.124490151140894,"[-0.014778970120766762, -0.005920715670543962, -0.008694742212698392, -0.015159004820181508, -0.006644196347309987]",1.0,-0.0011165711433874773,3.715568902262767e-05,0.005406540937769911,True,interaction,30.0
